"id","title","description","dimension","analysis_type","deps","context_from","wave","status","findings","score","recommendations","error"
"1","Explore: Noop adapter policy surface","Inspect the disabled integration policy, capability resolution, and adapter factory to determine whether noop adapters are accidental leftovers or an explicit runtime contract.","architecture","explore","","","1","completed","Disabled integration policy is centralized in `INTEGRATION_POLICY` and `createIntegrationAdapters`, which classify Neo4j projection, DBHub governance, and Langflow orchestration as `disabled` and intentionally instantiate explicit Noop adapters instead of advertising support.","","",""
"2","Explore: Runtime behavior and call-site guards","Inspect the noop adapter implementations and runtime call sites to verify the actual disabled behavior and whether any critical path still depends on the interfaces remaining present.","implementation","explore","","","1","completed","`NoopGraphProjectionAdapter` and `NoopGovernanceHookAdapter` return `false`, while `NoopOrchestrationHookAdapter` returns a disabled status object. `graph-engine.ts` guards Neo4j projection behind `flags.neo4jEnabled` and preserves the local-first path on failures, so the noop classes are compatibility boundaries rather than dead code.","","",""
"3","Explore: Tests, issue history, and documentation drift","Inspect tests, issue history, and production-readiness docs to determine whether the repository's current truth matches the historical cleanup plan around noop adapters.","performance","explore","","","1","completed","Tests assert the default local-first noop contract and disabled support-level signaling, and issue `ISS-20260428-006` is already completed as implemented. The remaining gap is documentation drift: `PRODUCTION_READINESS_EXECUTION_PLAN.md` still contains early wording that says the default strategy is to remove noop adapters, while `PRODUCTION_READINESS_TODO.md` and the shipped code intentionally keep the interfaces.","","",""
"4","Score: Feasibility","Score feasibility for bringing noop-adapter decisions fully into alignment with code, tests, and docs.","feasibility","score","1;2;3","1;2;3","2","completed","Aligning the noop-adapter decision record is highly feasible because the runtime contract is already implemented and covered by tests. The remaining work is primarily decision and documentation reconciliation, not a risky code migration.","91","Update the Stage 5 execution-plan wording to match the shipped retained-interface strategy, and treat any future class-removal work as a separate design change that starts with caller and type-surface refactors.",""
"5","Score: Impact","Score impact of clarifying the noop-adapter contract on current-head engineering quality and downstream planning.","impact","score","1;2;3","1;2;3","2","completed","Impact is moderate because runtime behavior is already consistent, but the clarification removes future churn risk, prevents misguided cleanup work, and keeps release-readiness narratives aligned with the actual integration contract.","62","Prioritize decision consistency over more cleanup churn: document that disabled integrations remain explicit boundaries until their callers and types disappear.",""
"6","Score: Risk","Score risk of the current noop-adapter state and of reopening the old removal strategy.","risk","score","1;2;3","1;2;3","2","completed","Risk is moderate. The current runtime contract is safe, but reopening blanket noop-adapter removal without first refactoring call sites such as `graph-engine.ts` would reintroduce false assumptions and could break the local-first fallback contract.","57","Do not convert this topic back into a generic class-deletion cleanup. Preserve the existing non-throwing disabled behavior and guard semantics until runtime dependencies are intentionally removed.",""
"7","Score: Complexity","Score the integration complexity involved in keeping or changing the noop-adapter contract.","complexity","score","1;2;3","1;2;3","2","completed","Complexity is low-to-moderate for decision alignment and documentation cleanup, but materially higher for real adapter removal because bundle types, factory wiring, guards, and tests would all need coordinated refactors.","38","Keep the near-term scope small: docs and decision alignment only. If true removal is ever needed, scope it as a separate refactor with explicit caller inventory.",""
"8","Score: Alignment","Score alignment with the repository's local-first architecture and support-level policy.","alignment","score","1;2;3","1;2;3","2","completed","The current retained noop-adapter contract is strongly aligned with the repo's local-first architecture. Disabled integrations are surfaced honestly through support levels, capabilities, and deterministic fallback behavior instead of hidden half-support.","96","Keep `support_level`, capability resolution, and disabled runtime signaling as the single source of truth for optional integrations.",""
"9","Score: Maintainability","Score maintainability of the current noop-adapter arrangement.","maintainability","score","1;2;3","1;2;3","2","completed","Maintainability is good but not perfect. The code and tests are coherent, yet historical planning language still points engineers toward class removal even though the current implementation intentionally retains explicit boundaries for disabled integrations.","76","Preserve the existing regression tests, and reconcile historical docs so future work does not fork into competing interpretations of the noop contract.",""
"10","Decision Synthesis","Compile the noop-adapter findings into analysis.md, context.md, and conclusions.json. Decide whether the current contract should be preserved, changed, or deferred.","synthesis","decide","4;5;6;7;8;9","4;5;6;7;8;9","3","completed","Current head supports a conditional go: keep the retained noop-adapter contract, do not reopen blanket class removal, and align historical Stage 5 wording with the shipped local-first disabled-integration behavior.","","Preserve disabled adapters as explicit runtime boundaries, keep the non-throwing fallback contract, and treat any future class-removal effort as a separate refactor that starts with call-site and type-surface elimination.",""
